<?xml version="1.0" encoding="UTF-8"?>
<actions>
        <action>
            <actionName>run.single.main</actionName>
            <packagings>
                <packaging>*</packaging>
            </packagings>
            <goals>
                <goal>spring-boot:run</goal>
            </goals>
            <properties>
                <exec.args>-classpath %classpath ${packageClassName}</exec.args>
                <exec.executable>java</exec.executable>
                <exec.classpathScope>${classPathScope}</exec.classpathScope>
            </properties>
        </action>
        <action>
            <actionName>run</actionName>
            <packagings>
                <packaging>jar</packaging>
            </packagings>
            <goals>
                <goal>spring-boot:run</goal>
            </goals>
            <properties>
                <exec.args>-classpath %classpath ${packageClassName}</exec.args>
                <exec.executable>java</exec.executable>
            </properties>
        </action>
    </actions>
